{"cameraMode":{"drawMode":0,"name":"Shaded","section":"Shading Mode"},"sceneLighting":true,"audioPlay":false,"sceneViewState":{"showFog":true,"showMaterialUpdate":true,"showSkybox":true,"showFlares":true,"showImageEffects":true,"showParticleSystems":true},"in2DMode":false,"pivot":{"x":1.7999999523162842,"y":-2.200000047683716,"z":-710.2999877929688},"rotation":{"x":-0.07525086402893067,"y":0.016777701675891877,"z":-0.0006327784503810108,"w":-0.9972066879272461},"size":171.8275909423828,"orthographic":false}